,School,Conference_x,Coach,SchoolPay,TotalPay,Bonus,BonusPaid,Buyout,Rank,Games Won,Games Lost,Games Tied,Games Played,Win_Percent,Fuzzy_Score_Record,match_name_Record,Stadium,City,State_x,Conference_y,Capacity,Record1,Built,Expanded,Surface,Capacity_Thousands,Fuzzy_Score_Stadium,match_name_Stadium,SCL_DIVISION,DIV1_FB_CONFERENCE,SCL_PRIVATE,GSR_N_2005_SA,GSR_2005_SA,GSR_MALE_2005_SA,FED_N_2005_SA,FED_RATE_2005_SA,FED_RATE_MALE_2005_SA,Fuzzy_Score_Grad,match_name_Grad,Cohort,Conference_x,Sport,State_y,GSR,FGR,Fuzzy_Score_GradFB,match_name_GradFB,Conference_y,Total Revenue,Total Expenses,Total Allocated,Percent Allocated,FinancialRank,Fuzzy_Score_finance,match_name_finance
0,Air Force,Mt. West,Troy Calhoun,885000,885000,247000,--,--,81t,4,8,0,12,0.33333,100,Air Force,Falcon Stadium,Colorado Springs,CO,Mountain West,46692,56409,1962,,FieldTurf,46.692,100,Air Force,,,,,,,,,,,,,,,,,,,,Mt. West,59577780,50112617,33339247,55.96,55,100,Air Force
1,Akron,MAC,Terry Bowden,411000,412500,225000,50000,"$688,500 ",72t,5,7,0,12,0.41667,100,Akron,InfoCision Stadium–Summa Field,Akron,OH,MAC,30000,27881,2009,,ProGrass Artificial Turf,30,100,Akron,1,Mid-American Conference,0,76,76,63,70,64,51,100,Akron,1999,Mid-American Conference,Football,OH,60,55,100,Akron,MAC,35331217,33895809,24641163,69.74,81,100,Akron
2,Alabama,SEC,Nick Saban,8307000,8307000,1100000,500000,"$33,600,000 ",117t,0,7,0,7,0,100,Alabama,Bryant–Denny Stadium,Tuscaloosa,AL,SEC,101821,101821,1929,2010,Grass,101.821,100,Alabama,1,Southeastern Conference,0,82,95,95,86,74,70,100,Alabama,1999,Southeastern Conference,Football,AL,44,46,100,Alabama,SEC,174307419,158646962,2938948,1.69,5,100,Alabama
3,Alabama at Birmingham,C-USA,Bill Clark,900000,900000,950000,165471,"$3,847,500 ",,,,,,,,,,,,,,,,,,,,,1,Conference USA,0,63,73,73,56,55,58,100,Alabama at Birmingham,1999,Conference USA,Football,AL,47,47,100,Alabama at Birmingham,C-USA,24795218,23803547,15480428,62.43,124,100,Alabama at Birmingham
4,Appalachian State,Sun Belt,Scott Satterfield,712500,712500,295000,145000,"$2,160,417 ",,,,,,,,,Kidd Brewer Stadium,Boone,NC,Sun Belt,30000,35126,1962,2017,FieldTurf,30,100,Appalachian State,1,Sun Belt Conference,0,64,73,63,70,57,48,100,Appalachian State,1999,Southern Conference,Football,NC,66,49,100,Appalachian State,Sun Belt,35058621,35065566,21257458,60.63,82,100,Appalachian State
5,Arizona,Pac-12,Kevin Sumlin,1600000,2000000,2025000,--,"$10,000,000 ",60t,6,6,0,12,0.5,100,Arizona,Arizona Stadium,Tucson,AZ,Pac-12,56029,59920,1928,1988,FieldTurf,56.029,100,Arizona,1,Pac-12 Conference,0,69,72,58,74,61,44,100,Arizona,1999,Pac-12 Conference,Football,AZ,39,33,100,Arizona,Pac-12,90976758,91756963,10069281,11.07,41,100,Arizona
6,Arizona State,Pac-12,Herm Edwards,2000000,2000000,3010000,--,"$8,166,667 ",50t,7,6,0,13,0.53846,100,Arizona State,Sun Devil Stadium Frank Kush Field,Tempe,AZ,Pac-12,56232,74963,1958,2016,Bermuda Grass,56.232,100,Arizona State,1,Pac-12 Conference,0,79,82,71,66,68,47,100,Arizona State,1999,Pac-12 Conference,Football,AZ,56,53,100,Arizona State,Pac-12,101579860,98825395,18866371,18.57,30,100,Arizona State
7,Arkansas,SEC,Chad Morris,3500000,3500000,1000000,--,"$12,500,000 ",22t,10,4,0,14,0.71429,100,Arkansas,Donald W. Reynolds Razorback Stadium Frank Broyles Field,Fayetteville,AR,SEC,72000,76808,1938,2006,PowerBlade HP,72,100,Arkansas,,,,,,,,,,,,,,,,,,,,SEC,129680808,112902474,0,0,19,100,Arkansas
8,Arkansas State,Sun Belt,Blake Anderson,825000,825000,185000,25000,"$300,000 ",60t,6,6,0,12,0.5,100,Arkansas State,Centennial Bank Stadium,Jonesboro,AR,Sun Belt,30964,31243,1974,2002,ProGreen,30.964,100,Arkansas State,1,Sun Belt Conference,0,70,64,63,55,51,50,100,Arkansas State,1999,Sun Belt Conference,Football,AR,59,41,100,Arkansas State,Sun Belt,39459027,39459027,12624293,31.99,73,100,Arkansas State
9,Army,Ind.,Jeff Monken,932521,932521,--,--,--,98t,3,9,0,12,0.25,100,Army,Blaik Field at Michie Stadium,West Point,NY,Independent,38000,42765,1924,2001,Field Turf,38,100,Army,,,,,,,,,,,,,,,,,,,,,,,,,,,
10,Auburn,SEC,Gus Malzahn,6700000,6705656,1400000,375000,"$32,143,750 ",6t,11,2,0,13,0.84615,100,Auburn,Pat Dye Field at Jordan–Hare Stadium,Auburn,AL,SEC,87451,87451,1939,2004,Grass,87.451,100,Auburn,1,Southeastern Conference,0,84,75,61,94,56,46,100,Auburn,1999,Southeastern Conference,Football,AL,63,56,100,Auburn,SEC,147511034,132885979,3633521,2.46,10,100,Auburn
11,Ball State,MAC,Mike Neu,435689,435689,380000,30000,"$980,300 ",72t,5,7,0,12,0.41667,100,Ball State,Scheumann Stadium,Muncie,IN,MAC,22500,23861,1967,2007,FieldTurf,22.5,100,Ball State,1,Mid-American Conference,0,70,80,64,66,68,50,100,Ball State,1999,Mid-American Conference,Football,IN,88,78,100,Ball State,MAC,26098565,27410745,19402097,74.34,120,100,Ball State
12,Boise State,Mt. West,Bryan Harsin,1650010,1650010,475000,145000,"$7,784,038 ",1,13,0,0,13,1,100,Boise State,Albertsons Stadium,Boise,ID,Mountain West,36387,36864,1970,2012,Smurf Turf,36.387,100,Boise State,1,Mountain West Conference,0,54,87,88,51,63,50,100,Boise State,1999,Western Athletic Conference,Football,ID,65,51,100,Boise State,Mt. West,45486486,45456789,12615561,27.73,68,100,Boise State
13,Boston College,ACC,Steve Addazio,2514859,2514859,--,--,--,17t,10,3,0,13,0.76923,100,Boston College,Alumni Stadium,Chestnut Hill,MA,ACC,44500,44500,1957,1995,AstroTurf,44.5,100,Boston College,1,Atlantic Coast Conference,1,101,96,93,75,76,69,100,Boston College,1999,Atlantic Coast Conference,Football,MA,96,91,100,Boston College,,,,,,,,
14,Bowling Green,MAC,Mike Jinks,437228,437228,245000,81250,"$874,456 ",81t,4,8,0,12,0.33333,100,Bowling Green,Doyt L. Perry Stadium,Bowling Green,OH,MAC,24000,33527,1966,,FieldTurf,24,100,Bowling Green,1,Mid-American Conference,0,78,78,71,85,62,57,81,Bowling Green,1999,Mid-American Conference,Football,OH,75,54,81,Bowling Green,MAC,25303291,23753571,15882246,62.77,123,100,Bowling Green
15,Buffalo,MAC,Lance Leipold,455500,455500,381000,0,"$1,020,833 ",107t,2,10,0,12,0.16667,100,Buffalo,UB Stadium,Amherst,NY,MAC,29013,29795 ,1993,,A-Turf Titan,29.013,100,Buffalo,,,,,,,,,,,,,,,,,,,,MAC,35892221,35883884,25628422,71.4,80,100,Buffalo
16,California,Pac-12,Justin Wilcox,1500000,1500000,900000,75000,"$7,208,500 ",17t,10,3,0,13,0.76923,100,California,California Memorial Stadium,Berkeley,CA,Pac-12,62717,83000,1923,2012,FieldTurf,62.717,100,California,,,,,,,,,,,,,,,,,,,,Pac-12,90976576,106959739,0,0,42,100,California
17,Central Florida,AAC,Josh Heupel,1700000,1700000,250000,--,"$3,587,500 ",81t,4,8,0,12,0.33333,100,Central Florida,,,,,,,,,,,,,1,American Athletic Conference,0,68,93,87,84,61,58,100,Central Florida,1999,Conference USA,Football,FL,42,31,100,Central Florida,AAC,56327225,56327225,27661927,49.11,57,100,Central Florida
18,Central Michigan,MAC,John Bonamego,655000,655000,415000,45000,"$1,125,000 ",22t,10,4,0,14,0.71429,100,Central Michigan,Kelly/Shorts Stadium,Mount Pleasant,MI,MAC,30255,35127,1972,1997,FieldTurf,30.255,100,Central Michigan,1,Mid-American Conference,0,69,78,63,82,61,48,100,Central Michigan,1999,Mid-American Conference,Football,MI,70,59,100,Central Michigan,MAC,34692784,31792125,25077606,72.28,83,100,Central Michigan
19,Charlotte,C-USA,Brad Lambert,625000,625000,120000,0,"$556,389 ",,,,,,,,,McColl–Richardson Field at Jerry Richardson Stadium,Charlotte,NC,C-USA,15314,19151,2013,,Matrix Artificial Turf,15.314,100,Charlotte,,,,,,,,,,,,,,,,,,,,C-USA,37931802,33246728,25709896,67.78,76,100,Charlotte
20,Cincinnati,AAC,Luke Fickell,2000000,2000000,625000,0,"$7,100,000 ",38t,8,5,0,13,0.61538,100,Cincinnati,Nippert Stadium,Cincinnati,OH,American,40000,40124,1915,2015,UBU Sports Speed M6-M,40,100,Cincinnati,1,American Athletic Conference,0,80,73,63,94,56,44,100,Cincinnati,1999,American Athletic Conference,Football,OH,60,63,100,Cincinnati,AAC,60458195,62804292,26745506,44.24,54,100,Cincinnati
21,Clemson,ACC,Dabo Swinney,6205000,6543350,1125000,500000,"$35,000,000 ",38t,8,5,0,13,0.61538,100,Clemson,Frank Howard Field at Clemson Memorial Stadium,Clemson,SC,ACC,81500,86092,1942,2006,Grass,81.5,100,Clemson,1,Atlantic Coast Conference,0,101,92,84,119,74,62,100,Clemson,1999,Atlantic Coast Conference,Football,SC,77,59,100,Clemson,ACC,112600964,111126235,5472888,4.86,26,100,Clemson
22,Coastal Carolina,Sun Belt,Joe Moglia,400000,400000,800000,25000,"$516,667 ",,,,,,,,,Brooks Stadium,Conway,SC,Sun Belt,20000,,2003,2018,FieldTurf,20,100,Coastal Carolina,1,Sun Belt Conference,0,56,80,77,70,53,50,100,Coastal Carolina,,,,,,,,,Sun Belt,33703994,33704483,28251293,83.82,88,100,Coastal Carolina
23,Colorado,Pac-12,Mike MacIntyre,2878500,2878500,2150000,297000,"$10,314,583 ",107t,2,10,0,12,0.16667,100,Colorado,Folsom Field,Boulder,CO,Pac-12,50183,54972,1924,2003,Grass,50.183,100,Colorado,,,,,,,,,,,,,,,,,,,,Pac-12,94226111,90640627,12577570,13.35,38,100,Colorado
24,Colorado State,Mt. West,Mike Bobo,1800000,1800000,905000,50000,"$8,000,000 ",81t,4,8,0,12,0.33333,100,Colorado State,Sonny Lubick Field at Canvas Stadium,Fort Collins,CO,Mountain West,41200,41000,2017,,Shaw Sports Artificial Turf,41.2,100,Colorado State,1,Mountain West Conference,0,53,81,77,55,64,60,100,Colorado State,1999,Mountain West Conference,Football,CO,57,48,100,Colorado State,Mt. West,44672317,43965622,23265238,52.08,69,100,Colorado State
25,Connecticut,AAC,Randy Edsall,1100000,1100000,650000,129000,"$1,000,000 ",81t,4,8,0,12,0.33333,100,Connecticut,Pratt & Whitney Stadium at Rentschler Field,East Hartford,CT,American,40000,42704,2003,,Kentucky Bluegrass,40,100,Connecticut,1,American Athletic Conference,0,98,84,68,98,71,48,100,Connecticut,1999,American Athletic Conference,Football,CT,76,55,100,Connecticut,AAC,83374223,83121820,42227612,50.65,49,100,Connecticut
26,Duke,ACC,David Cutcliffe,2540928,2540928,--,--,--,117t,0,12,0,12,0,100,Duke,Brooks Field at Wallace Wade Stadium,Durham,NC,ACC,40000,57500,1929,2016,Latitude 36 Bermuda Grass,40,100,Duke,1,Atlantic Coast Conference,1,115,98,97,87,90,84,100,Duke,1999,Atlantic Coast Conference,Football,NC,93,86,100,Duke,,,,,,,,
27,East Carolina,AAC,Scottie Montgomery,1102500,1102500,850000,0,"$1,233,333 ",50t,7,6,0,13,0.53846,100,East Carolina,Bagwell Field at Dowdy–Ficklen Stadium,Greenville,NC,American,50000,51082,1963,2010,Tifton 419 Hybrid Bermuda,50,100,East Carolina,1,American Athletic Conference,0,72,78,74,79,63,56,100,East Carolina,1999,Conference USA,Football,NC,78,68,100,East Carolina,AAC,48312311,48387287,19739500,40.86,61,100,East Carolina
28,Eastern Michigan,MAC,Chris Creighton,460000,460000,395000,10000,"$950,000 ",113t,1,11,0,12,0.08333,100,Eastern Michigan,Rynearson Stadium,Ypsilanti,MI,MAC,30200,26188,1969,1992,FieldTurf,30.2,100,Eastern Michigan,1,Mid-American Conference,0,80,78,67,82,60,49,100,Eastern Michigan,1999,Mid-American Conference,Football,MI,55,62,100,Eastern Michigan,MAC,32311247,32311246,23109498,71.52,92,100,Eastern Michigan
29,Florida,SEC,Dan Mullen,6070000,6070000,925000,--,"$12,000,000 ",2,13,1,0,14,0.92857,100,Florida,Steve Spurrier-Florida Field at Ben Hill Griffin Stadium,Gainesville,FL,SEC,88548,90916,1930,2003,Grass,88.548,100,Florida,1,Southeastern Conference,0,79,81,73,81,58,62,100,Florida,1999,Southeastern Conference,Football,FL,80,42,100,Florida,SEC,149165475,131789499,1567806,1.05,8,100,Florida
30,Florida Atlantic,C-USA,Lane Kiffin,1000000,1000000,1150000,40000,"$2,850,000 ",72t,5,7,0,12,0.41667,100,Florida Atlantic,FAU Stadium,Boca Raton,FL,C-USA,30000,29103,2011,,Celebration Bermuda Grass,30,100,Florida Atlantic,1,Conference USA,0,90,67,55,72,60,43,100,Florida Atlantic,,,,,,,,,C-USA,34509259,34102683,23953161,69.41,84,100,Florida Atlantic
31,Florida International,C-USA,Butch Davis,945000,945000,550000,35000,"$3,185,626 ",117t,0,12,0,12,0,100,Florida International,,,,,,,,,,,,,1,Conference USA,0,70,70,62,65,51,40,100,Florida International,,,,,,,,,C-USA,33389929,33003699,24028758,71.96,89,100,Florida International
32,Florida State,ACC,Willie Taggart,5000000,5000000,1475000,--,"$21,958,333 ",98t,2,6,0,8,0.25,100,Florida State,Bobby Bowden Field at Doak S. Campbell Stadium,Tallahassee,FL,ACC,79560,84409,1950,2003,Grass,79.56,100,Florida State,1,Atlantic Coast Conference,0,65,78,74,67,58,57,100,Florida State,1999,Atlantic Coast Conference,Football,FL,52,42,100,Florida State,ACC,144514413,143373261,7446443,5.15,13,100,Florida State
33,Fresno State,Mt. West,Jeff Tedford,1550000,1550000,2765000,1240000,"$5,440,000 ",81t,4,8,0,12,0.33333,100,Fresno State,Bulldog Stadium at Jim Sweeney Field,Fresno,CA,Mountain West,41031,42881,1980,1992,FieldTurf,41.031,100,Fresno State,,,,,,,,,,,,,,,,,,,,Mt. West,46215249,44119522,20634658,44.65,66,100,Fresno State
34,Georgia,SEC,Kirby Smart,6603600,6603600,1150000,1350000,"$27,917,500 ",26t,9,4,0,13,0.69231,100,Georgia,Sanford Stadium,Athens,GA,SEC,92746,92746 ,1929,2004,Grass,92.746,100,Georgia,1,Southeastern Conference,0,98,90,86,93,72,66,100,Georgia,1999,Southeastern Conference,Football,GA,40,39,100,Georgia,SEC,157852479,119218908,3273422,2.07,6,100,Georgia
35,Georgia Southern,Sun Belt,Chad Lunsford,650000,650000,295000,--,"$83,333 ",,,,,,,,,Allen E. Paulson Stadium,Statesboro,GA,Sun Belt,25000,25735,1984,2014,Shaw Legion 41 Synthetic Turf,25,100,Georgia Southern,1,Sun Belt Conference,0,102,63,51,88,55,43,100,Georgia Southern,1999,Southern Conference,Football,GA,61,57,100,Georgia Southern,Sun Belt,28895052,28761605,16747677,57.96,105,100,Georgia Southern
36,Georgia State,Sun Belt,Shawn Elliott,569000,569000,220000,60000,"$1,500,000 ",,,,,,,,,Georgia State Stadium,Atlanta,GA,Sun Belt,25000,24333,1996,2017,Artificial Turf,25,100,Georgia State,1,Sun Belt Conference,0,42,93,95,49,53,57,100,Georgia State,,,,,,,,,Sun Belt,30230203,29859420,22423489,74.18,101,100,Georgia State
37,Georgia Tech,ACC,Paul Johnson,3060018,3060018,1330000,225000,"$4,000,000 ",34t,9,5,0,14,0.64286,100,Georgia Tech,Bobby Dodd Stadium at Historic Grant Field,Atlanta,GA,ACC,55000,60316,1913,2003,Bermuda Grass,55,100,Georgia Tech,,,,,,,,,,,,,,,,,,,,ACC,81762024,84852123,7651426,9.36,51,100,Georgia Tech
38,Hawaii,Mt. West,Nick Rolovich,425004,486504,1260000,0,"$300,000 ",14t,11,3,0,14,0.78571,100,Hawaii,Aloha Stadium,Honolulu,HI,Mountain West,50000,50000,1975,2003,FieldTurf,50,92,Hawaii,,,,,,,,,,,,,,,,,,,,Big West,47780885,48984980,20486904,42.88,64,100,Hawaii
39,Houston,AAC,Major Applewhite,1750000,1750000,782500,20000,"$2,112,500 ",22t,10,4,0,14,0.71429,100,Houston,John O'Quinn Field at TDECU Stadium,Houston,TX,American,40000,42159,2014,,Act Global UBU Speed Series S5-M Synthetic Turf,40,100,Houston,1,American Athletic Conference,0,72,63,58,65,48,43,100,Houston,1999,Conference USA,Football,TX,51,42,100,Houston,AAC,57174900,55277308,25703451,44.96,56,100,Houston
40,Illinois,Big Ten,Lovie Smith,5000000,5000000,1000000,50000,"$12,636,991 ",107t,2,10,0,12,0.16667,100,Illinois,Memorial Stadium,Champaign,IL,Big Ten,60670,78297,1923,2011,FieldTurf,60.67,100,Illinois,,,,,,,,,,,,,,,,,,,,Big Ten,97447731,100739817,3281700,3.37,33,100,Illinois
41,Indiana,Big Ten,Tom Allen,1830000,1830000,1441668,0,"$2,000,000 ",72t,5,7,0,12,0.41667,100,Indiana,Memorial Stadium,Bloomington,IN,Big Ten,52959,56223,1960,2010,FieldTurf Revolution 360,52.959,100,Indiana,,,,,,,,,,,,,,,,,,,,Big Ten,106139192,106131819,2569044,2.42,28,100,Indiana
42,Iowa,Big Ten,Kirk Ferentz,4700000,4700000,2875000,600000,"$22,396,250 ",69t,6,7,0,13,0.46154,100,Iowa,Kinnick Stadium,Iowa City,IA,Big Ten,70585,70585,1929,2006,FieldTurf,70.585,100,Iowa,1,Big Ten Conference,0,106,87,76,112,77,65,100,Iowa,1999,Big Ten Conference,Football,IA,65,56,100,Iowa,Big Ten,130681467,128869211,650000,0.5,18,100,Iowa
43,Iowa State,Big 12,Matt Campbell,3500000,3500000,750000,650000,"$19,291,667 ",81t,4,8,0,12,0.33333,100,Iowa State,Jack Trice Stadium,Ames,IA,Big 12,61500,61500,1975,2015,Grass,61.5,100,Iowa State,1,Big 12 Conference,0,69,80,71,71,59,58,100,Iowa State,1999,Big 12 Conference,Football,IA,52,58,100,Iowa State,Big 12,82659447,82565176,2133219,2.58,50,100,Iowa State
44,Kansas,Big 12,David Beaty,1701109,1701109,2000000,0,"$3,000,000 ",60t,6,6,0,12,0.5,100,Kansas,David Booth Kansas Memorial Stadium,Lawrence,KS,Big 12,50071,52530,1921,1999,Synthetic Turf,50.071,100,Kansas,1,Big 12 Conference,0,80,84,70,81,69,45,100,Kansas,1999,Big 12 Conference,Football,KS,51,48,100,Kansas,Big 12,95251461,94709233,1920908,2.02,36,100,Kansas
45,Kansas State,Big 12,Bill Snyder,3500000,3500000,580000,50000,"$3,000,000 ",50t,7,6,0,13,0.53846,100,Kansas State,Bill Snyder Family Football Stadium,Manhattan,KS,Big 12,50000,53811,1968,2005,Synthetic Turf,50,100,Kansas State,1,Big 12 Conference,0,100,75,68,97,59,48,100,Kansas State,1999,Big 12 Conference,Football,KS,76,63,100,Kansas State,Big 12,86081528,73970354,450000,0.52,45,100,Kansas State
46,Kent State,MAC,Sean Lewis,440000,440000,406000,--,"$1,150,000 ",,,,,,,,,Dix Stadium,Kent,OH,MAC,25000,27363,1969,2008,FieldTurf,25,100,Kent State,1,Mid-American Conference,0,86,78,69,83,66,55,100,Kent State,1999,Mid-American Conference,Football,OH,83,76,100,Kent State,MAC,28837710,29504048,18657839,64.7,106,100,Kent State
47,Kentucky,SEC,Mark Stoops,4000000,4013600,3100000,300000,"$15,625,000 ",38t,8,5,0,13,0.61538,100,Kentucky,Kroger Field at C.M. Newton Grounds,Lexington,KY,SEC,61000,71024,1973,2015,Artificial Turf,61,100,Kentucky,1,Southeastern Conference,0,81,81,76,93,56,54,100,Kentucky,1999,Southeastern Conference,Football,KY,55,39,100,Kentucky,SEC,130706744,125333866,0,0,17,100,Kentucky
48,Liberty,Ind.,Turner Gill,947281,947281,--,--,--,,,,,,,,,Arthur L. Williams Stadium,Lynchburg,VA,Independent(2018),25000,22551,1989,2018,FieldTurf,25,100,Liberty,1,Big South Conference,1,59,83,79,64,67,64,100,Liberty,1999,Big South Conference,Football,VA,71,48,100,Liberty,,,,,,,,
49,Louisiana Tech,C-USA,Skip Holtz,700000,700000,395000,0,"$2,508,333 ",6t,11,2,0,13,0.84615,76,Louisiana Tech,Cajun Field,Lafayette,LA,Sun Belt,41426,41357,1971,2015,ProGrass,41.426,78,Louisiana Tech,1,Conference USA,0,65,80,76,72,60,65,100,Louisiana Tech,1999,Western Athletic Conference,Football,LA,61,61,100,Louisiana Tech,C-USA,24722695,23828481,10687030,43.23,125,100,Louisiana Tech
50,Louisiana Tech,C-USA,Skip Holtz,700000,700000,395000,0,"$2,508,333 ",6t,11,2,0,13,0.84615,76,Louisiana Tech,Joe Aillet Stadium,Ruston,LA,C-USA,28109,28714,1968,2017,FieldTurf,28.109,100,Louisiana Tech,1,Conference USA,0,65,80,76,72,60,65,100,Louisiana Tech,1999,Western Athletic Conference,Football,LA,61,61,100,Louisiana Tech,C-USA,24722695,23828481,10687030,43.23,125,100,Louisiana Tech
51,Louisiana Tech,C-USA,Skip Holtz,700000,700000,395000,0,"$2,508,333 ",106,3,10,0,13,0.23077,100,Louisiana Tech,Cajun Field,Lafayette,LA,Sun Belt,41426,41357,1971,2015,ProGrass,41.426,78,Louisiana Tech,1,Conference USA,0,65,80,76,72,60,65,100,Louisiana Tech,1999,Western Athletic Conference,Football,LA,61,61,100,Louisiana Tech,C-USA,24722695,23828481,10687030,43.23,125,100,Louisiana Tech
52,Louisiana Tech,C-USA,Skip Holtz,700000,700000,395000,0,"$2,508,333 ",106,3,10,0,13,0.23077,100,Louisiana Tech,Joe Aillet Stadium,Ruston,LA,C-USA,28109,28714,1968,2017,FieldTurf,28.109,100,Louisiana Tech,1,Conference USA,0,65,80,76,72,60,65,100,Louisiana Tech,1999,Western Athletic Conference,Football,LA,61,61,100,Louisiana Tech,C-USA,24722695,23828481,10687030,43.23,125,100,Louisiana Tech
53,Louisiana-Lafayette,Sun Belt,Billy Napier,850000,850000,435000,--,"$2,671,875 ",60t,6,6,0,12,0.5,100,Louisiana-Lafayette,,,,,,,,,,,,,1,Sun Belt Conference,0,72,75,69,70,56,43,88,Louisiana-Lafayette,1999,Sun Belt Conference,Football,LA,61,53,88,Louisiana-Lafayette,Sun Belt,28326919,27408419,12800374,45.19,109,100,Louisiana-Lafayette
54,Louisiana-Monroe,Sun Belt,Matt Viator,390000,390000,50000,0,"$175,000 ",81t,4,8,0,12,0.33333,100,Louisiana-Monroe,JPS Field at Malone Stadium,Monroe,LA,Sun Belt,30427,31175,1978,1993,FieldTurf,30.427,100,Louisiana-Monroe,1,Sun Belt Conference,0,75,68,63,65,52,48,86,Louisiana-Monroe,1999,Sun Belt Conference,Football,LA,66,52,86,Louisiana-Monroe,Sun Belt,16132421,15481778,7213515,44.71,164,100,Louisiana-Monroe
55,Louisville,ACC,Bobby Petrino,3980434,3980434,1472917,869917,"$14,056,250 ",3t,12,1,0,13,0.92308,100,Louisville,Cardinal Stadium(37),Louisville,KY,ACC,61000,55632,1998,2018,FieldTurf,61,100,Louisville,1,Atlantic Coast Conference,0,87,75,62,81,58,44,100,Louisville,1999,American Athletic Conference,Football,KY,54,47,100,Louisville,ACC,120445303,118383769,5383718,4.47,22,100,Louisville
56,LSU,SEC,Ed Orgeron,3500000,3500000,1575000,100000,"$5,291,667 ",,,,,,,,,Tiger Stadium,Baton Rouge,LA,SEC,102321,102321,1924,2014,Grass,102.321,100,LSU,,,,,,,,,,,,,,,,,,,,SEC,147744233,131717421,0,0,9,100,LSU
57,Marshall,C-USA,Doc Holliday,762570,762570,145000,55000,"$1,951,708 ",72t,5,7,0,12,0.41667,100,Marshall,Joan C. Edwards Stadium,Huntington,WV,C-USA,38019,41382,1991,2000,FieldTurf,38.019,100,Marshall,1,Conference USA,0,94,55,48,61,61,55,100,Marshall,1999,Conference USA,Football,WV,76,65,100,Marshall,C-USA,29287471,30342248,14345674,48.98,104,100,Marshall
58,Maryland,Big Ten,DJ Durkin,2512000,2512000,625000,0,"$5,096,178 ",26t,9,4,0,13,0.69231,100,Maryland,Capital One Field at Maryland Stadium,College Park,MD,Big Ten,51802,58973,1950,2009,FieldTurf,51.802,100,Maryland,,,,,,,,,,,,,,,,,,,,Big Ten,94881357,94796897,14473659,15.25,37,100,Maryland
59,Massachusetts,Ind.,Mark Whipple,500000,500000,305000,20000,"$300,000 ",,,,,,,,,,,,,,,,,,,,,,,,,,,,,,,,,,,,,,,,A-10,48054005,47535791,37249930,77.52,63,100,Massachusetts
60,Memphis,AAC,Mike Norvell,2600000,2600000,775000,185000,"$7,431,667 ",107t,2,10,0,12,0.16667,100,Memphis,Liberty Bowl Memorial Stadium,Memphis,TN,American,62380,65885,1965,1987,AstroTurf,62.38,100,Memphis,1,American Athletic Conference,0,74,82,78,77,58,59,100,Memphis,1999,Conference USA,Football,TN,59,46,100,Memphis,AAC,48716830,48443158,18257221,37.48,60,100,Memphis
61,Miami (Fla.),ACC,Mark Richt,4058061,4058061,--,--,--,,,,,,,,,,,,,,,,,,,,,1,Atlantic Coast Conference,1,50,92,92,59,54,52,81,Miami (Fla.),1999,Atlantic Coast Conference,Football,FL,68,65,81,Miami (Fla.),,,,,,,,
62,Miami (Ohio),MAC,Chuck Martin,524826,524826,582110,12669,"$522,300 ",107t,2,10,0,12,0.16667,82,Miami (Ohio),Fred C. Yager Stadium,Oxford,OH,MAC,24286,30087,1983,2005,FieldTurf,24.286,82,Miami (Ohio),1,Mid-American Conference,0,78,81,80,79,73,71,100,Miami (Ohio),1999,Mid-American Conference,Football,OH,75,57,100,Miami (Ohio),MAC,37766348,36097843,24693963,65.39,77,100,Miami (Ohio)
63,Michigan,Big Ten,Jim Harbaugh,7504000,7504000,1325000,150000,"$17,111,110 ",6t,11,2,0,13,0.84615,100,Michigan,Michigan Stadium,Ann Arbor,MI,Big Ten,107601,115109,1927,2015,FieldTurf Duraspine,107.601,100,Michigan,1,Big Ten Conference,0,121,90,85,128,81,73,100,Michigan,1999,Big Ten Conference,Football,MI,71,63,100,Michigan,Big Ten,185173187,175425392,280647,0.15,4,100,Michigan
64,Michigan State,Big Ten,Mark Dantonio,4390417,4390417,650000,125000,"$7,000,000 ",81t,4,8,0,12,0.33333,100,Michigan State,Spartan Stadium,East Lansing,MI,Big Ten,75005,80401,1923,2005,Grass,75.005,100,Michigan State,1,,0,66,80,65,60,58,36,81,Michigan State,1999,Big Ten Conference,Football,MI,45,39,100,Michigan State,Big Ten,126021377,117506272,901057,0.72,21,100,Michigan State
65,Michigan State,Big Ten,Mark Dantonio,4390417,4390417,650000,125000,"$7,000,000 ",81t,4,8,0,12,0.33333,100,Michigan State,Spartan Stadium,East Lansing,MI,Big Ten,75005,80401,1923,2005,Grass,75.005,100,Michigan State,1,,0,66,80,65,60,58,36,81,Michigan State,1999,Big Ten Conference,Football,MI,45,39,100,Michigan State,Mo. Valley,27791259,26182954,7879317,28.35,114,81,Michigan State
66,Michigan State,Big Ten,Mark Dantonio,4390417,4390417,650000,125000,"$7,000,000 ",81t,4,8,0,12,0.33333,100,Michigan State,Spartan Stadium,East Lansing,MI,Big Ten,75005,80401,1923,2005,Grass,75.005,100,Michigan State,1,Big Ten Conference,0,94,89,81,89,75,68,100,Michigan State,1999,Big Ten Conference,Football,MI,45,39,100,Michigan State,Big Ten,126021377,117506272,901057,0.72,21,100,Michigan State
67,Michigan State,Big Ten,Mark Dantonio,4390417,4390417,650000,125000,"$7,000,000 ",81t,4,8,0,12,0.33333,100,Michigan State,Spartan Stadium,East Lansing,MI,Big Ten,75005,80401,1923,2005,Grass,75.005,100,Michigan State,1,Big Ten Conference,0,94,89,81,89,75,68,100,Michigan State,1999,Big Ten Conference,Football,MI,45,39,100,Michigan State,Mo. Valley,27791259,26182954,7879317,28.35,114,81,Michigan State
68,Middle Tennessee,C-USA,Rick Stockstill,801504,803004,126142,65142,"$6,633,774 ",50t,7,6,0,13,0.53846,84,Middle Tennessee,"Johnny ""Red"" Floyd Stadium",Murfreesboro,TN,C-USA,31000,30502,1933,1998,Synthetic Turf,31,100,Middle Tennessee,1,Conference USA,0,58,90,85,60,63,66,84,Middle Tennessee,1999,Sun Belt Conference,Football,TN,52,48,84,Middle Tennessee,C-USA,34040334,34040334,22376798,65.74,87,100,Middle Tennessee
69,Minnesota,Big Ten,P.J. Fleck,3550000,3550000,900000,0,"$9,291,667 ",69t,6,7,0,13,0.46154,100,Minnesota,TCF Bank Stadium,Minneapolis,MN,Big Ten,50805,54147,2009,,FieldTurf,50.805,100,Minnesota,,,,,,,,,,,,,,,,,,,,Big Ten,116376862,114201678,14817134,12.73,25,100,Minnesota
70,Mississippi,SEC,Matt Luke,3000000,3000000,1550000,--,$0 ,81t,4,8,0,12,0.33333,100,Mississippi,Vaught–Hemingway Stadium at Hollingsworth Field,Oxford,MS,SEC,64038,66176,1915,2016,Grass,64.038,100,Mississippi,1,Southeastern Conference,0,63,87,83,75,57,40,100,Mississippi,1999,Southeastern Conference,Football,MS,58,49,100,Mississippi,SEC,117834511,108885512,2784879,2.36,24,100,Mississippi
71,Mississippi State,SEC,Joe Moorhead,2600000,2600000,1350000,--,$0 ,98t,3,9,0,12,0.25,100,Mississippi State,Davis Wade Stadium at Scott Field,Starkville,MS,SEC,61337,62945,1914,2014,Prescription Athletic Turf (Tifway 419 Bermuda Grass),61.337,100,Mississippi State,1,Southwestern Athletic Conf.,0,85,24,18,35,40,35,83,Mississippi State,1999,Southeastern Conference,Football,MS,57,56,100,Mississippi State,SEC,100062237,86351432,0,0,31,100,Mississippi State
72,Mississippi State,SEC,Joe Moorhead,2600000,2600000,1350000,--,$0 ,98t,3,9,0,12,0.25,100,Mississippi State,Davis Wade Stadium at Scott Field,Starkville,MS,SEC,61337,62945,1914,2014,Prescription Athletic Turf (Tifway 419 Bermuda Grass),61.337,100,Mississippi State,1,Southwestern Athletic Conf.,0,85,24,18,35,40,35,83,Mississippi State,1999,Southeastern Conference,Football,MS,57,56,100,Mississippi State,SWAC,4332784,4335851,2146526,49.54,228,83,Mississippi State
73,Mississippi State,SEC,Joe Moorhead,2600000,2600000,1350000,--,$0 ,98t,3,9,0,12,0.25,100,Mississippi State,Davis Wade Stadium at Scott Field,Starkville,MS,SEC,61337,62945,1914,2014,Prescription Athletic Turf (Tifway 419 Bermuda Grass),61.337,100,Mississippi State,1,Southwestern Athletic Conf.,0,85,24,18,35,40,35,83,Mississippi State,1999,Southwestern Athletic Conf.,Football,MS,47,36,83,Mississippi State,SEC,100062237,86351432,0,0,31,100,Mississippi State
74,Mississippi State,SEC,Joe Moorhead,2600000,2600000,1350000,--,$0 ,98t,3,9,0,12,0.25,100,Mississippi State,Davis Wade Stadium at Scott Field,Starkville,MS,SEC,61337,62945,1914,2014,Prescription Athletic Turf (Tifway 419 Bermuda Grass),61.337,100,Mississippi State,1,Southwestern Athletic Conf.,0,85,24,18,35,40,35,83,Mississippi State,1999,Southwestern Athletic Conf.,Football,MS,47,36,83,Mississippi State,SWAC,4332784,4335851,2146526,49.54,228,83,Mississippi State
75,Mississippi State,SEC,Joe Moorhead,2600000,2600000,1350000,--,$0 ,98t,3,9,0,12,0.25,100,Mississippi State,Davis Wade Stadium at Scott Field,Starkville,MS,SEC,61337,62945,1914,2014,Prescription Athletic Turf (Tifway 419 Bermuda Grass),61.337,100,Mississippi State,1,Southeastern Conference,0,73,82,71,82,59,44,100,Mississippi State,1999,Southeastern Conference,Football,MS,57,56,100,Mississippi State,SEC,100062237,86351432,0,0,31,100,Mississippi State
76,Mississippi State,SEC,Joe Moorhead,2600000,2600000,1350000,--,$0 ,98t,3,9,0,12,0.25,100,Mississippi State,Davis Wade Stadium at Scott Field,Starkville,MS,SEC,61337,62945,1914,2014,Prescription Athletic Turf (Tifway 419 Bermuda Grass),61.337,100,Mississippi State,1,Southeastern Conference,0,73,82,71,82,59,44,100,Mississippi State,1999,Southeastern Conference,Football,MS,57,56,100,Mississippi State,SWAC,4332784,4335851,2146526,49.54,228,83,Mississippi State
77,Mississippi State,SEC,Joe Moorhead,2600000,2600000,1350000,--,$0 ,98t,3,9,0,12,0.25,100,Mississippi State,Davis Wade Stadium at Scott Field,Starkville,MS,SEC,61337,62945,1914,2014,Prescription Athletic Turf (Tifway 419 Bermuda Grass),61.337,100,Mississippi State,1,Southeastern Conference,0,73,82,71,82,59,44,100,Mississippi State,1999,Southwestern Athletic Conf.,Football,MS,47,36,83,Mississippi State,SEC,100062237,86351432,0,0,31,100,Mississippi State
78,Mississippi State,SEC,Joe Moorhead,2600000,2600000,1350000,--,$0 ,98t,3,9,0,12,0.25,100,Mississippi State,Davis Wade Stadium at Scott Field,Starkville,MS,SEC,61337,62945,1914,2014,Prescription Athletic Turf (Tifway 419 Bermuda Grass),61.337,100,Mississippi State,1,Southeastern Conference,0,73,82,71,82,59,44,100,Mississippi State,1999,Southwestern Athletic Conf.,Football,MS,47,36,83,Mississippi State,SWAC,4332784,4335851,2146526,49.54,228,83,Mississippi State
79,Missouri,SEC,Barry Odom,2350000,2350000,1025000,375000,"$1,912,500 ",38t,8,5,0,13,0.61538,100,Missouri,Faurot Field at Memorial Stadium,Columbia,MO,SEC,71168,75298,1927,2014,FieldTurf,71.168,100,Missouri,,,,,,,,,,,,,,,,,,,,SEC,97848195,102409131,1015000,1.04,32,100,Missouri
80,Navy,AAC,Ken Niumatalolo,2163000,2163000,--,--,--,26t,9,4,0,13,0.69231,100,Navy,Navy–Marine Corps Memorial Stadium,Annapolis,MD,American,34000,37970,1959,2005,FieldTurf Revolution,34,100,Navy,,,,,,,,,,,,,,,,,,,,,,,,,,,
81,Nebraska,Big Ten,Scott Frost,5000000,5000000,950000,--,"$25,416,667 ",34t,9,5,0,14,0.64286,100,Nebraska,Memorial Stadium Tom Osborne Field,Lincoln,NE,Big Ten,86047,91585,1923,2017 ,FieldTurf,86.047,100,Nebraska,,,,,,,,,,,,,,,,,,,,Big Ten,120205090,112571632,0,0,23,100,Nebraska
82,Nevada,Mt. West,Jay Norvell,500000,500000,210000,0,"$900,000 ",,,,,,,,,Mackay Stadium,Reno,NV,Mountain West,26000,33391,1966,2016,FieldTurf,26,100,Nevada,,,,,,,,,,,,,,,,,,,,Mt. West,36955558,38982774,12477955,33.76,78,100,Nevada
83,Nevada-Las Vegas,Mt. West,Tony Sanchez,600000,600000,260000,0,"$950,000 ",107t,2,10,0,12,0.16667,100,Nevada-Las Vegas,,,,,,,,,,,,,1,Mountain West Conference,0,76,80,75,53,68,67,91,Nevada-Las Vegas,1999,Mountain West Conference,Football,NV,46,39,91,Nevada-Las Vegas,Mt. West,47327478,47476606,21622440,45.69,65,100,Nevada-Las Vegas
84,New Mexico,Mt. West,Bob Davie,822690,823740,340000,0,"$1,303,294 ",69t,6,7,0,13,0.46154,100,New Mexico,Dreamstyle Stadium,Albuquerque,NM,Mountain West,39224,44760,1960,2007,FieldTurf,39.224,100,New Mexico,1,Mountain West Conference,0,82,80,80,86,60,54,100,New Mexico,1999,Mountain West Conference,Football,NM,49,39,100,New Mexico,Mt. West,44421019,44356217,11694978,26.33,70,100,New Mexico
85,New Mexico State,Ind.,Doug Martin,419640,419640,220000,20000,"$1,532,790 ",81t,4,8,0,12,0.33333,100,New Mexico State,Aggie Memorial Stadium,Las Cruces,NM,Independent,30343,32993,1978,2005,S5-M Synthetic Turf,30.343,100,New Mexico State,1,Sun Belt Conference,0,70,76,67,58,53,42,100,New Mexico State,1999,Western Athletic Conference,Football,NM,55,48,100,New Mexico State,WAC,26114479,23507513,16833783,64.46,119,100,New Mexico State
86,North Carolina,ACC,Larry Fedora,2575000,2575000,900000,50000,"$12,215,625 ",98t,3,9,0,12,0.25,100,North Carolina,Kenan Memorial Stadium,Chapel Hill,NC,ACC,51000,62000,1927,2011,Grass,51,100,North Carolina,,,,,,,,,,,,,,,,,,,,ACC,96551626,96540823,8785137,9.1,35,100,North Carolina
87,North Carolina,ACC,Larry Fedora,2575000,2575000,900000,50000,"$12,215,625 ",98t,3,9,0,12,0.25,100,North Carolina,Kenan Memorial Stadium,Chapel Hill,NC,ACC,51000,62000,1927,2011,Grass,51,100,North Carolina,,,,,,,,,,,,,,,,,,,,MEAC,13075494,13047786,9387605,71.8,194,88,North Carolina
88,North Carolina State,ACC,Dave Doeren,3000000,3000000,1350000,275000,"$6,125,000 ",98t,3,9,0,12,0.25,100,North Carolina State,,,,,,,,,,,,,1,Mid-Eastern Athletic Conf.,0,51,47,37,46,52,44,91,North Carolina State,1999,Mid-Eastern Athletic Conf.,Football,NC,41,41,91,North Carolina State,ACC,83741572,86924779,6551791,7.82,47,100,North Carolina State
89,North Carolina State,ACC,Dave Doeren,3000000,3000000,1350000,275000,"$6,125,000 ",98t,3,9,0,12,0.25,100,North Carolina State,,,,,,,,,,,,,1,Mid-Eastern Athletic Conf.,0,51,47,37,46,52,44,91,North Carolina State,1999,Mid-Eastern Athletic Conf.,Football,NC,41,41,91,North Carolina State,MEAC,7232850,8195579,3441735,47.58,222,90,North Carolina State
90,North Carolina State,ACC,Dave Doeren,3000000,3000000,1350000,275000,"$6,125,000 ",98t,3,9,0,12,0.25,100,North Carolina State,,,,,,,,,,,,,1,Mid-Eastern Athletic Conf.,0,51,47,37,46,52,44,91,North Carolina State,1999,Mid-Eastern Athletic Conf.,Football,NC,41,41,91,North Carolina State,Atl Sun,7591880,7575272,6382175,84.07,221,81,North Carolina State
91,North Carolina State,ACC,Dave Doeren,3000000,3000000,1350000,275000,"$6,125,000 ",98t,3,9,0,12,0.25,100,North Carolina State,,,,,,,,,,,,,1,Mid-Eastern Athletic Conf.,0,51,47,37,46,52,44,91,North Carolina State,1999,Atlantic Coast Conference,Football,NC,57,41,100,North Carolina State,ACC,83741572,86924779,6551791,7.82,47,100,North Carolina State
92,North Carolina State,ACC,Dave Doeren,3000000,3000000,1350000,275000,"$6,125,000 ",98t,3,9,0,12,0.25,100,North Carolina State,,,,,,,,,,,,,1,Mid-Eastern Athletic Conf.,0,51,47,37,46,52,44,91,North Carolina State,1999,Atlantic Coast Conference,Football,NC,57,41,100,North Carolina State,MEAC,7232850,8195579,3441735,47.58,222,90,North Carolina State
93,North Carolina State,ACC,Dave Doeren,3000000,3000000,1350000,275000,"$6,125,000 ",98t,3,9,0,12,0.25,100,North Carolina State,,,,,,,,,,,,,1,Mid-Eastern Athletic Conf.,0,51,47,37,46,52,44,91,North Carolina State,1999,Atlantic Coast Conference,Football,NC,57,41,100,North Carolina State,Atl Sun,7591880,7575272,6382175,84.07,221,81,North Carolina State
94,North Carolina State,ACC,Dave Doeren,3000000,3000000,1350000,275000,"$6,125,000 ",98t,3,9,0,12,0.25,100,North Carolina State,,,,,,,,,,,,,1,Mid-Eastern Athletic Conf.,0,51,47,37,46,52,44,91,North Carolina State,1999,Mid-Eastern Athletic Conf.,Football,SC,60,42,90,North Carolina State,ACC,83741572,86924779,6551791,7.82,47,100,North Carolina State
95,North Carolina State,ACC,Dave Doeren,3000000,3000000,1350000,275000,"$6,125,000 ",98t,3,9,0,12,0.25,100,North Carolina State,,,,,,,,,,,,,1,Mid-Eastern Athletic Conf.,0,51,47,37,46,52,44,91,North Carolina State,1999,Mid-Eastern Athletic Conf.,Football,SC,60,42,90,North Carolina State,MEAC,7232850,8195579,3441735,47.58,222,90,North Carolina State
96,North Carolina State,ACC,Dave Doeren,3000000,3000000,1350000,275000,"$6,125,000 ",98t,3,9,0,12,0.25,100,North Carolina State,,,,,,,,,,,,,1,Mid-Eastern Athletic Conf.,0,51,47,37,46,52,44,91,North Carolina State,1999,Mid-Eastern Athletic Conf.,Football,SC,60,42,90,North Carolina State,Atl Sun,7591880,7575272,6382175,84.07,221,81,North Carolina State
97,North Carolina State,ACC,Dave Doeren,3000000,3000000,1350000,275000,"$6,125,000 ",98t,3,9,0,12,0.25,100,North Carolina State,,,,,,,,,,,,,1,Atlantic Coast Conference,0,69,84,81,76,64,60,100,North Carolina State,1999,Mid-Eastern Athletic Conf.,Football,NC,41,41,91,North Carolina State,ACC,83741572,86924779,6551791,7.82,47,100,North Carolina State
98,North Carolina State,ACC,Dave Doeren,3000000,3000000,1350000,275000,"$6,125,000 ",98t,3,9,0,12,0.25,100,North Carolina State,,,,,,,,,,,,,1,Atlantic Coast Conference,0,69,84,81,76,64,60,100,North Carolina State,1999,Mid-Eastern Athletic Conf.,Football,NC,41,41,91,North Carolina State,MEAC,7232850,8195579,3441735,47.58,222,90,North Carolina State
99,North Carolina State,ACC,Dave Doeren,3000000,3000000,1350000,275000,"$6,125,000 ",98t,3,9,0,12,0.25,100,North Carolina State,,,,,,,,,,,,,1,Atlantic Coast Conference,0,69,84,81,76,64,60,100,North Carolina State,1999,Mid-Eastern Athletic Conf.,Football,NC,41,41,91,North Carolina State,Atl Sun,7591880,7575272,6382175,84.07,221,81,North Carolina State
100,North Carolina State,ACC,Dave Doeren,3000000,3000000,1350000,275000,"$6,125,000 ",98t,3,9,0,12,0.25,100,North Carolina State,,,,,,,,,,,,,1,Atlantic Coast Conference,0,69,84,81,76,64,60,100,North Carolina State,1999,Atlantic Coast Conference,Football,NC,57,41,100,North Carolina State,ACC,83741572,86924779,6551791,7.82,47,100,North Carolina State
101,North Carolina State,ACC,Dave Doeren,3000000,3000000,1350000,275000,"$6,125,000 ",98t,3,9,0,12,0.25,100,North Carolina State,,,,,,,,,,,,,1,Atlantic Coast Conference,0,69,84,81,76,64,60,100,North Carolina State,1999,Atlantic Coast Conference,Football,NC,57,41,100,North Carolina State,MEAC,7232850,8195579,3441735,47.58,222,90,North Carolina State
102,North Carolina State,ACC,Dave Doeren,3000000,3000000,1350000,275000,"$6,125,000 ",98t,3,9,0,12,0.25,100,North Carolina State,,,,,,,,,,,,,1,Atlantic Coast Conference,0,69,84,81,76,64,60,100,North Carolina State,1999,Atlantic Coast Conference,Football,NC,57,41,100,North Carolina State,Atl Sun,7591880,7575272,6382175,84.07,221,81,North Carolina State
103,North Carolina State,ACC,Dave Doeren,3000000,3000000,1350000,275000,"$6,125,000 ",98t,3,9,0,12,0.25,100,North Carolina State,,,,,,,,,,,,,1,Atlantic Coast Conference,0,69,84,81,76,64,60,100,North Carolina State,1999,Mid-Eastern Athletic Conf.,Football,SC,60,42,90,North Carolina State,ACC,83741572,86924779,6551791,7.82,47,100,North Carolina State
104,North Carolina State,ACC,Dave Doeren,3000000,3000000,1350000,275000,"$6,125,000 ",98t,3,9,0,12,0.25,100,North Carolina State,,,,,,,,,,,,,1,Atlantic Coast Conference,0,69,84,81,76,64,60,100,North Carolina State,1999,Mid-Eastern Athletic Conf.,Football,SC,60,42,90,North Carolina State,MEAC,7232850,8195579,3441735,47.58,222,90,North Carolina State
105,North Carolina State,ACC,Dave Doeren,3000000,3000000,1350000,275000,"$6,125,000 ",98t,3,9,0,12,0.25,100,North Carolina State,,,,,,,,,,,,,1,Atlantic Coast Conference,0,69,84,81,76,64,60,100,North Carolina State,1999,Mid-Eastern Athletic Conf.,Football,SC,60,42,90,North Carolina State,Atl Sun,7591880,7575272,6382175,84.07,221,81,North Carolina State
106,North Carolina State,ACC,Dave Doeren,3000000,3000000,1350000,275000,"$6,125,000 ",98t,3,9,0,12,0.25,100,North Carolina State,,,,,,,,,,,,,1,Mid-Eastern Athletic Conf.,0,38,61,47,43,51,35,90,North Carolina State,1999,Mid-Eastern Athletic Conf.,Football,NC,41,41,91,North Carolina State,ACC,83741572,86924779,6551791,7.82,47,100,North Carolina State
107,North Carolina State,ACC,Dave Doeren,3000000,3000000,1350000,275000,"$6,125,000 ",98t,3,9,0,12,0.25,100,North Carolina State,,,,,,,,,,,,,1,Mid-Eastern Athletic Conf.,0,38,61,47,43,51,35,90,North Carolina State,1999,Mid-Eastern Athletic Conf.,Football,NC,41,41,91,North Carolina State,MEAC,7232850,8195579,3441735,47.58,222,90,North Carolina State
108,North Carolina State,ACC,Dave Doeren,3000000,3000000,1350000,275000,"$6,125,000 ",98t,3,9,0,12,0.25,100,North Carolina State,,,,,,,,,,,,,1,Mid-Eastern Athletic Conf.,0,38,61,47,43,51,35,90,North Carolina State,1999,Mid-Eastern Athletic Conf.,Football,NC,41,41,91,North Carolina State,Atl Sun,7591880,7575272,6382175,84.07,221,81,North Carolina State
109,North Carolina State,ACC,Dave Doeren,3000000,3000000,1350000,275000,"$6,125,000 ",98t,3,9,0,12,0.25,100,North Carolina State,,,,,,,,,,,,,1,Mid-Eastern Athletic Conf.,0,38,61,47,43,51,35,90,North Carolina State,1999,Atlantic Coast Conference,Football,NC,57,41,100,North Carolina State,ACC,83741572,86924779,6551791,7.82,47,100,North Carolina State
110,North Carolina State,ACC,Dave Doeren,3000000,3000000,1350000,275000,"$6,125,000 ",98t,3,9,0,12,0.25,100,North Carolina State,,,,,,,,,,,,,1,Mid-Eastern Athletic Conf.,0,38,61,47,43,51,35,90,North Carolina State,1999,Atlantic Coast Conference,Football,NC,57,41,100,North Carolina State,MEAC,7232850,8195579,3441735,47.58,222,90,North Carolina State
111,North Carolina State,ACC,Dave Doeren,3000000,3000000,1350000,275000,"$6,125,000 ",98t,3,9,0,12,0.25,100,North Carolina State,,,,,,,,,,,,,1,Mid-Eastern Athletic Conf.,0,38,61,47,43,51,35,90,North Carolina State,1999,Atlantic Coast Conference,Football,NC,57,41,100,North Carolina State,Atl Sun,7591880,7575272,6382175,84.07,221,81,North Carolina State
112,North Carolina State,ACC,Dave Doeren,3000000,3000000,1350000,275000,"$6,125,000 ",98t,3,9,0,12,0.25,100,North Carolina State,,,,,,,,,,,,,1,Mid-Eastern Athletic Conf.,0,38,61,47,43,51,35,90,North Carolina State,1999,Mid-Eastern Athletic Conf.,Football,SC,60,42,90,North Carolina State,ACC,83741572,86924779,6551791,7.82,47,100,North Carolina State
113,North Carolina State,ACC,Dave Doeren,3000000,3000000,1350000,275000,"$6,125,000 ",98t,3,9,0,12,0.25,100,North Carolina State,,,,,,,,,,,,,1,Mid-Eastern Athletic Conf.,0,38,61,47,43,51,35,90,North Carolina State,1999,Mid-Eastern Athletic Conf.,Football,SC,60,42,90,North Carolina State,MEAC,7232850,8195579,3441735,47.58,222,90,North Carolina State
114,North Carolina State,ACC,Dave Doeren,3000000,3000000,1350000,275000,"$6,125,000 ",98t,3,9,0,12,0.25,100,North Carolina State,,,,,,,,,,,,,1,Mid-Eastern Athletic Conf.,0,38,61,47,43,51,35,90,North Carolina State,1999,Mid-Eastern Athletic Conf.,Football,SC,60,42,90,North Carolina State,Atl Sun,7591880,7575272,6382175,84.07,221,81,North Carolina State
115,North Carolina State,ACC,Dave Doeren,3000000,3000000,1350000,275000,"$6,125,000 ",98t,3,9,0,12,0.25,100,North Carolina State,,,,,,,,,,,,,1,,0,61,82,82,46,59,73,81,North Carolina State,1999,Mid-Eastern Athletic Conf.,Football,NC,41,41,91,North Carolina State,ACC,83741572,86924779,6551791,7.82,47,100,North Carolina State
116,North Carolina State,ACC,Dave Doeren,3000000,3000000,1350000,275000,"$6,125,000 ",98t,3,9,0,12,0.25,100,North Carolina State,,,,,,,,,,,,,1,,0,61,82,82,46,59,73,81,North Carolina State,1999,Mid-Eastern Athletic Conf.,Football,NC,41,41,91,North Carolina State,MEAC,7232850,8195579,3441735,47.58,222,90,North Carolina State
117,North Carolina State,ACC,Dave Doeren,3000000,3000000,1350000,275000,"$6,125,000 ",98t,3,9,0,12,0.25,100,North Carolina State,,,,,,,,,,,,,1,,0,61,82,82,46,59,73,81,North Carolina State,1999,Mid-Eastern Athletic Conf.,Football,NC,41,41,91,North Carolina State,Atl Sun,7591880,7575272,6382175,84.07,221,81,North Carolina State
118,North Carolina State,ACC,Dave Doeren,3000000,3000000,1350000,275000,"$6,125,000 ",98t,3,9,0,12,0.25,100,North Carolina State,,,,,,,,,,,,,1,,0,61,82,82,46,59,73,81,North Carolina State,1999,Atlantic Coast Conference,Football,NC,57,41,100,North Carolina State,ACC,83741572,86924779,6551791,7.82,47,100,North Carolina State
119,North Carolina State,ACC,Dave Doeren,3000000,3000000,1350000,275000,"$6,125,000 ",98t,3,9,0,12,0.25,100,North Carolina State,,,,,,,,,,,,,1,,0,61,82,82,46,59,73,81,North Carolina State,1999,Atlantic Coast Conference,Football,NC,57,41,100,North Carolina State,MEAC,7232850,8195579,3441735,47.58,222,90,North Carolina State
120,North Carolina State,ACC,Dave Doeren,3000000,3000000,1350000,275000,"$6,125,000 ",98t,3,9,0,12,0.25,100,North Carolina State,,,,,,,,,,,,,1,,0,61,82,82,46,59,73,81,North Carolina State,1999,Atlantic Coast Conference,Football,NC,57,41,100,North Carolina State,Atl Sun,7591880,7575272,6382175,84.07,221,81,North Carolina State
121,North Carolina State,ACC,Dave Doeren,3000000,3000000,1350000,275000,"$6,125,000 ",98t,3,9,0,12,0.25,100,North Carolina State,,,,,,,,,,,,,1,,0,61,82,82,46,59,73,81,North Carolina State,1999,Mid-Eastern Athletic Conf.,Football,SC,60,42,90,North Carolina State,ACC,83741572,86924779,6551791,7.82,47,100,North Carolina State
122,North Carolina State,ACC,Dave Doeren,3000000,3000000,1350000,275000,"$6,125,000 ",98t,3,9,0,12,0.25,100,North Carolina State,,,,,,,,,,,,,1,,0,61,82,82,46,59,73,81,North Carolina State,1999,Mid-Eastern Athletic Conf.,Football,SC,60,42,90,North Carolina State,MEAC,7232850,8195579,3441735,47.58,222,90,North Carolina State
123,North Carolina State,ACC,Dave Doeren,3000000,3000000,1350000,275000,"$6,125,000 ",98t,3,9,0,12,0.25,100,North Carolina State,,,,,,,,,,,,,1,,0,61,82,82,46,59,73,81,North Carolina State,1999,Mid-Eastern Athletic Conf.,Football,SC,60,42,90,North Carolina State,Atl Sun,7591880,7575272,6382175,84.07,221,81,North Carolina State
124,North Texas,C-USA,Seth Littrell,1425000,1425000,580000,130000,"$4,425,000 ",98t,3,9,0,12,0.25,100,North Texas,Apogee Stadium,Denton,TX,C-USA,30850,28075,2011,,PowerBlade Artificial Turf,30.85,100,North Texas,1,Conference USA,0,76,68,58,62,63,55,100,North Texas,1999,Sun Belt Conference,Football,TX,55,49,100,North Texas,C-USA,32150203,36363381,21398461,66.56,94,100,North Texas
125,Northern Illinois,MAC,Rod Carey,633460,633460,205000,42500,"$1,822,918 ",50t,7,6,0,13,0.53846,100,Northern Illinois,,,,,,,,,,,,,1,Mid-American Conference,0,70,87,82,76,66,60,100,Northern Illinois,1999,Mid-American Conference,Football,IL,61,53,100,Northern Illinois,MAC,25795597,25661395,16816199,65.19,121,100,Northern Illinois
126,Northern Illinois,MAC,Rod Carey,633460,633460,205000,42500,"$1,822,918 ",50t,7,6,0,13,0.53846,100,Northern Illinois,,,,,,,,,,,,,1,Mid-American Conference,0,70,87,82,76,66,60,100,Northern Illinois,1999,Mid-American Conference,Football,IL,61,53,100,Northern Illinois,Mo. Valley,22722740,26785157,14346273,63.14,130,88,Northern Illinois
127,Northwestern,Big Ten,Pat Fitzgerald,3619775,3619775,--,--,--,81t,4,8,0,12,0.33333,100,Northwestern,Ryan Field,Evanston,IL,Big Ten,47130,55752,1926,1997,Grass,47.13,100,Northwestern,1,Big Ten Conference,1,86,100,100,93,88,90,100,Northwestern,1999,Atlantic 10 Conference,Football,MA,86,75,92,Northwestern,,,,,,,,
128,Northwestern,Big Ten,Pat Fitzgerald,3619775,3619775,--,--,--,81t,4,8,0,12,0.33333,100,Northwestern,Ryan Field,Evanston,IL,Big Ten,47130,55752,1926,1997,Grass,47.13,100,Northwestern,1,Big Ten Conference,1,86,100,100,93,88,90,100,Northwestern,1999,Big Ten Conference,Football,IL,91,79,100,Northwestern,,,,,,,,
129,Northwestern,Big Ten,Pat Fitzgerald,3619775,3619775,--,--,--,81t,4,8,0,12,0.33333,100,Northwestern,Ryan Field,Evanston,IL,Big Ten,47130,55752,1926,1997,Grass,47.13,100,Northwestern,1,,1,41,90,81,67,69,61,92,Northwestern,1999,Atlantic 10 Conference,Football,MA,86,75,92,Northwestern,,,,,,,,
130,Northwestern,Big Ten,Pat Fitzgerald,3619775,3619775,--,--,--,81t,4,8,0,12,0.33333,100,Northwestern,Ryan Field,Evanston,IL,Big Ten,47130,55752,1926,1997,Grass,47.13,100,Northwestern,1,,1,41,90,81,67,69,61,92,Northwestern,1999,Big Ten Conference,Football,IL,91,79,100,Northwestern,,,,,,,,
131,Notre Dame,Ind.,Brian Kelly,2129638,2129638,--,--,--,17t,10,3,0,13,0.76923,100,Notre Dame,Notre Dame Stadium,Notre Dame,IN,Independent,77622,77622,1930,2017,FieldTurf,77.622,100,Notre Dame,1,Independent,1,85,99,98,86,91,94,100,Notre Dame,1999,Independent,Football,IN,95,84,100,Notre Dame,,,,,,,,
132,Ohio,MAC,Frank Solich,580331,580331,333833,60772,"$558,275 ",34t,9,5,0,14,0.64286,100,Ohio,Peden Stadium,Athens,OH,MAC,24000,25893,1929,2001,FieldTurf,24,100,Ohio,1,Mid-American Conference,0,84,79,71,89,67,67,100,Ohio,1999,Mid-American Conference,Football,OH,76,68,100,Ohio,MAC,32234688,32621410,20090007,62.32,93,100,Ohio
133,Ohio State,Big Ten,Urban Meyer,7600000,7600000,775000,350000,"$38,058,402 ",3t,12,1,0,13,0.92308,100,Ohio State,Ohio Stadium,Columbus,OH,Big Ten,102082,110045,1922,2014,FieldTurf,102.082,100,Ohio State,1,Big Ten Conference,0,101,95,92,99,81,77,83,Ohio State,1999,Big Ten Conference,Football,OH,55,49,83,Ohio State,Big Ten,185409602,173507435,0,0,3,100,Ohio State
134,Oklahoma,Big 12,Lincoln Riley,4800000,4800000,700000,180000,"$20,833,333 ",14t,11,3,0,14,0.78571,100,Oklahoma,Gaylord Family – Oklahoma Memorial Stadium at Owen Field,Norman,OK,Big 12,86112,88308,1925,2016,Grass,86.112,100,Oklahoma,1,Big 12 Conference,0,68,78,69,62,63,56,100,Oklahoma,1999,Big 12 Conference,Football,OK,52,44,100,Oklahoma,Big 12,155238481,132910780,0,0,7,100,Oklahoma
135,Oklahoma State,Big 12,Mike Gundy,5000000,5000000,900000,62500,"$16,250,000 ",50t,7,6,0,13,0.53846,100,Oklahoma State,Boone Pickens Stadium,Stillwater,OK,Big 12,60218,60218,1919,2005,Astroturf 3D Decade,60.218,100,Oklahoma State,1,Big 12 Conference,0,78,81,67,70,63,52,100,Oklahoma State,1999,Big 12 Conference,Football,OK,65,67,100,Oklahoma State,Big 12,91644865,89833094,3673085,4.01,40,100,Oklahoma State
136,Old Dominion,C-USA,Bobby Wilder,654667,654667,504895,0,"$1,200,000 ",,,,,,,,,Foreman Field at S. B. Ballard Stadium,Norfolk,VA,C-USA,20118,20118,1936,2009,AstroTurf GameDay Grass 3D,20.118,100,Old Dominion,1,Conference USA,0,59,75,63,56,57,40,100,Old Dominion,,,,,,,,,C-USA,46203813,46181753,28681512,62.08,67,100,Old Dominion
137,Oregon,Pac-12,Mario Cristobal,2500000,2500000,1825000,--,"$5,208,333 ",50t,7,6,0,13,0.53846,100,Oregon,Autzen Stadium,Eugene,OR,Pac-12,54000,60055,1967,2002,FieldTurf,54,100,Oregon,1,Pac-12 Conference,0,54,78,67,57,53,38,100,Oregon,1999,Pac-12 Conference,Football,OR,59,52,100,Oregon,Pac-12,145417315,119945650,271222,0.19,12,100,Oregon
138,Oregon State,Pac-12,Jonathan Smith,1900008,1900008,1275000,--,"$4,037,517 ",22t,10,4,0,14,0.71429,100,Oregon State,Reser Stadium,Corvallis,OR,Pac-12,45674,46469,1953,2005,FieldTurf,45.674,100,Oregon State,1,Pac-12 Conference,0,82,83,78,87,67,53,100,Oregon State,1999,Pac-12 Conference,Football,OR,60,58,100,Oregon State,Pac-12,78959875,82730626,7126768,9.03,52,100,Oregon State
139,Penn State,Big Ten,James Franklin,4800000,4800000,1000000,300000,"$18,375,000 ",26t,9,4,0,13,0.69231,100,Penn State,Beaver Stadium,University Park,PA,Big Ten,106572,110889,1960,2001,Grass,106.572,100,Penn State,,,,,,,,,,,,,,,,,,,,Big Ten,144017055,138724055,0,0,14,100,Penn State
140,Pittsburgh,ACC,Pat Narduzzi,3017718,3017718,--,--,--,60t,6,6,0,12,0.5,100,Pittsburgh,Heinz Field,Pittsburgh,PA,ACC,68400,69983,2001,,Grass,68.4,100,Pittsburgh,1,Atlantic Coast Conference,0,71,82,73,64,72,66,100,Pittsburgh,1999,American Athletic Conference,Football,PA,54,41,100,Pittsburgh,,,,,,,,
141,Purdue,Big Ten,Jeff Brohm,3800000,3800000,1290000,180000,"$21,516,667 ",49,8,6,0,14,0.57143,100,Purdue,Ross–Ade Stadium,West Lafayette,IN,Big Ten,57236,71629,1924,2006,Grass,57.236,100,Purdue,1,Big Ten Conference,0,76,79,68,72,67,62,100,Purdue,1999,Big Ten Conference,Football,IN,68,56,100,Purdue,Big Ten,84841133,85709495,0,0,46,100,Purdue
142,Rutgers,Big Ten,Chris Ash,2200000,2200000,960000,50000,"$10,350,000 ",6t,11,2,0,13,0.84615,100,Rutgers,HighPoint.com Stadium,Piscataway,NJ,Big Ten,52454,53774,1994,2009,FieldTurf,52.454,100,Rutgers,,,,,,,,,,,,,,,,,,,,Big Ten,96883027,99193280,33087478,34.15,34,100,Rutgers
143,San Diego State,Mt. West,Rocky Long,872576,873576,720000,95000,"$447,412 ",98t,3,9,0,12,0.25,100,San Diego State,SDCCU Stadium,San Diego,CA,Mountain West,70561,68537,1967,1997,Grass,70.561,100,San Diego State,1,Mountain West Conference,0,80,79,74,81,63,63,100,San Diego State,1999,Mountain West Conference,Football,CA,76,67,100,San Diego State,Mt. West,52454787,51569852,24322966,46.37,58,100,San Diego State
144,San Jose State,Mt. West,Brent Brennan,590424,590424,210000,0,"$1,476,060 ",26t,9,4,0,13,0.69231,100,San Jose State,CEFCU Stadium,San Jose,CA,Mountain West,30456,31681,1933,1985,AstroTurf,30.456,100,San Jose State,1,Mountain West Conference,0,74,64,50,57,56,43,100,San Jose State,1999,Western Athletic Conference,Football,CA,32,33,100,San Jose State,Mt. West,31252553,30676330,21011051,67.23,98,100,San Jose State
145,South Alabama,Sun Belt,Steve Campbell,600000,600000,295000,--,"$918,333 ",,,,,,,,,Ladd–Peebles Stadium,Mobile,AL,Sun Belt,40000,38129,1948,2009,FieldTurf,40,100,South Alabama,1,Sun Belt Conference,0,40,75,75,27,48,40,100,South Alabama,,,,,,,,,Sun Belt,30693877,27949252,20664956,67.33,99,100,South Alabama
146,South Carolina,SEC,Will Muschamp,4200000,4200000,1400000,100000,"$18,650,000 ",38t,8,5,0,13,0.61538,100,South Carolina,Williams-Brice Stadium,Columbia,SC,SEC,80250,85199,1934,1996,Grass,80.25,100,South Carolina,,,,,,,,,,,,,,,,,,,,SEC,136032845,129317382,0,0,16,100,South Carolina
147,South Florida,AAC,Charlie Strong,1000000,1000000,815000,70000,"$192,308 ",26t,9,4,0,13,0.69231,100,South Florida,,,,,,,,,,,,,1,,0,69,88,80,48,63,57,85,South Florida,1999,American Athletic Conference,Football,FL,66,61,100,South Florida,Atl Sun,12051332,11709392,8541251,70.87,202,85,South Florida
148,South Florida,AAC,Charlie Strong,1000000,1000000,815000,70000,"$192,308 ",26t,9,4,0,13,0.69231,100,South Florida,,,,,,,,,,,,,1,,0,69,88,80,48,63,57,85,South Florida,1999,American Athletic Conference,Football,FL,66,61,100,South Florida,AAC,49960338,48227500,21503730,43.04,59,100,South Florida
149,South Florida,AAC,Charlie Strong,1000000,1000000,815000,70000,"$192,308 ",26t,9,4,0,13,0.69231,100,South Florida,,,,,,,,,,,,,1,American Athletic Conference,0,75,73,62,71,54,41,100,South Florida,1999,American Athletic Conference,Football,FL,66,61,100,South Florida,Atl Sun,12051332,11709392,8541251,70.87,202,85,South Florida
150,South Florida,AAC,Charlie Strong,1000000,1000000,815000,70000,"$192,308 ",26t,9,4,0,13,0.69231,100,South Florida,,,,,,,,,,,,,1,American Athletic Conference,0,75,73,62,71,54,41,100,South Florida,1999,American Athletic Conference,Football,FL,66,61,100,South Florida,AAC,49960338,48227500,21503730,43.04,59,100,South Florida
151,Southern California,Pac-12,Clay Helton,2625965,2625965,--,--,--,6t,11,2,0,13,0.84615,77,Southern California,Los Angeles Memorial Coliseum,Los Angeles,CA,Pac-12,77500,105236,1923,2008,Grass,77.5,100,Southern California,1,Pac-12 Conference,1,64,75,67,65,63,51,100,Southern California,1999,Pac-12 Conference,Football,CA,55,52,100,Southern California,,,,,,,,
152,Southern Mississippi,C-USA,Jay Hopson,500000,500000,870000,15000,"$1,583,333 ",34t,9,5,0,14,0.64286,79,Southern Mississippi,Carlisle-Faulkner Field at M.M. Roberts Stadium,Hattiesburg,MS,C-USA,36000,36641,1932,2008,Shaw Sports Momentum Turf,36,79,Southern Mississippi,1,Conference USA,0,68,71,64,61,51,40,85,Southern Mississippi,1999,Conference USA,Football,MS,78,73,85,Southern Mississippi,C-USA,23984639,25251618,8832604,36.83,126,100,Southern Mississippi
153,Stanford,Pac-12,David Shaw,4311543,4311543,--,--,--,113t,1,11,0,12,0.08333,100,Stanford,Stanford Stadium,Stanford,CA,Pac-12,50424,51607,2006,,Grass,50.424,100,Stanford,1,Pac-12 Conference,1,118,99,98,119,97,93,100,Stanford,1999,Pac-12 Conference,Football,CA,94,91,100,Stanford,,,,,,,,
154,Syracuse,ACC,Dino Babers,2401206,2401206,--,--,--,81t,4,8,0,12,0.33333,100,Syracuse,Carrier Dome,Syracuse,NY,ACC,49250,50564,1980,2022,FieldTurf,49.25,100,Syracuse,1,Atlantic Coast Conference,1,70,90,82,77,75,71,100,Syracuse,1999,American Athletic Conference,Football,NY,70,65,100,Syracuse,,,,,,,,
155,Tennessee,SEC,Jeremy Pruitt,3846000,3846000,1200000,--,"$11,780,000 ",26t,9,4,0,13,0.69231,100,Tennessee,Neyland Stadium,Knoxville,TN,SEC,102455,109061,1921,2010,Grass,102.455,100,Tennessee,,,,,,,,,,,,,,,,,,,,SEC,145653191,134880229,0,0,11,100,Tennessee
156,Texas,Big 12,Tom Herman,5500000,5500000,725000,75000,"$15,416,667 ",17t,10,3,0,13,0.76923,100,Texas,Darrell K Royal–Texas Memorial Stadium,Austin,TX,Big 12,100119,103507,1924,2009,FieldTurf,100.119,100,Texas,,,,,,,,,,,,,,,,,,,,Big 12,214830647,207022323,0,0,1,100,Texas
157,Texas A&M,SEC,Jimbo Fisher,7500000,7500000,1350000,--,"$68,125,000 ",26t,9,4,0,13,0.69231,100,Texas A&M,Kyle Field,College Station,TX,SEC,102733,110633,1904,2015,Grass,102.733,100,Texas A&M,,,,,,,,,,,,,,,,,,,,SEC,211960034,146546229,0,0,2,100,Texas A&M
158,Texas Christian,Big 12,Gary Patterson,4840717,4840717,--,--,--,6t,11,2,0,13,0.84615,100,Texas Christian,,,,,,,,,,,,,1,Big 12 Conference,1,60,88,84,61,69,69,100,Texas Christian,1999,Mountain West Conference,Football,TX,77,67,100,Texas Christian,,,,,,,,
159,Texas State,Sun Belt,Everett Withers,700000,700000,70833,0,"$773,958 ",,,,,,,,,Jim Wacker Field at Bobcat Stadium,San Marcos,TX,Sun Belt,30000,33006,1981,2012,FieldTurf Duraspine Pro,30,100,Texas State,1,Sun Belt Conference,0,75,76,69,75,53,43,100,Texas State,1999,Southland Conference,Football,TX,71,64,100,Texas State,Sun Belt,38445832,35915260,27787153,72.28,75,100,Texas State
160,Texas Tech,Big 12,Kliff Kingsbury,3703975,3703975,1500000,25000,"$4,231,250 ",38t,8,5,0,13,0.61538,100,Texas Tech,Jones AT&T Stadium,Lubbock,TX,Big 12,60862,61836,1947,2013,FieldTurf,60.862,100,Texas Tech,1,Big 12 Conference,0,72,79,72,76,51,43,100,Texas Tech,1999,Big 12 Conference,Football,TX,73,63,100,Texas Tech,Big 12,88804476,86984083,5799878,6.53,43,100,Texas Tech
161,Texas-El Paso,C-USA,Dana Dimel,700000,700000,741665,--,"$2,991,667 ",72t,5,7,0,12,0.41667,100,Texas-El Paso,,,,,,,,,,,,,1,Conference USA,0,46,70,64,43,53,61,83,Texas-El Paso,1999,Conference USA,Football,TX,44,37,83,Texas-El Paso,C-USA,31781343,32039189,18486004,58.17,95,100,Texas-El Paso
162,Texas-San Antonio,C-USA,Frank Wilson,1100000,1100000,185000,17500,"$3,562,500 ",,,,,,,,,,,,,,,,,,,,,1,Conference USA,0,46,61,59,45,42,28,86,Texas-San Antonio,,,,,,,,,C-USA,28772631,30104385,17385928,60.43,107,100,Texas-San Antonio
163,Toledo,MAC,Jason Candle,1125000,1125000,585000,210000,"$3,558,333 ",72t,5,7,0,12,0.41667,100,Toledo,Glass Bowl,Toledo,OH,MAC,26248,36852,1937,1990,FieldTurf,26.248,100,Toledo,1,Mid-American Conference,0,65,82,73,67,69,62,100,Toledo,1999,Mid-American Conference,Football,OH,68,63,100,Toledo,MAC,32925921,32925921,21073807,64,90,100,Toledo
164,Troy,Sun Belt,Neal Brown,810000,810000,490000,100000,"$2,911,667 ",38t,8,5,0,13,0.61538,100,Troy,Veterans Memorial Stadium at Larry Blakeney Field,Troy,AL,Sun Belt,30402,29013,1950,2003,ProGrass,30.402,100,Troy,1,Sun Belt Conference,0,91,74,69,75,53,48,100,Troy,1999,Sun Belt Conference,Football,AL,77,52,100,Troy,Sun Belt,29962107,29962107,21711635,72.46,102,100,Troy
165,Tulane,AAC,Willie Fritz,1629000,1629000,--,--,--,81t,4,8,0,12,0.33333,100,Tulane,Benson Field at Yulman Stadium,New Orleans,LA,American,30000,30000,2014,,Act Global UBU Speed Series S5-M,30,100,Tulane,1,American Athletic Conference,1,,,,,,,100,Tulane,1999,Conference USA,Football,LA,77,71,100,Tulane,,,,,,,,
166,Tulsa,AAC,Philip Montgomery,1518177,1518177,--,--,--,38t,8,5,0,13,0.61538,100,Tulsa,Skelly Field at H. A. Chapman Stadium,Tulsa,OK,American,30000,47350,1930,2008,FieldTurf,30,100,Tulsa,,,,,,,,,,,,,,,,,,,,,,,,,,,
167,UCLA,Pac-12,Chip Kelly,3300000,3300000,1085000,--,"$9,000,000 ",50t,7,6,0,13,0.53846,100,UCLA,Rose Bowl Stadium,Pasadena,CA,Pac-12,90888,106869,1921,1949,Grass,90.888,100,UCLA,,,,,,,,,,,,,,,,,,,,Pac-12,104106646,104106646,2708118,2.6,29,100,UCLA
168,Utah,Pac-12,Kyle Whittingham,3787917,3787917,935000,279167,"$9,250,000 ",38t,8,5,0,13,0.61538,100,Utah,Rice-Eccles Stadium,Salt Lake City,UT,Pac-12,45807,46768,1998,1998,FieldTurf CoolPlay,45.807,100,Utah,1,Pac-12 Conference,0,66,79,76,55,65,64,100,Utah,1999,Mountain West Conference,Football,UT,56,47,100,Utah,Pac-12,83672639,81620307,12421715,14.85,48,100,Utah
169,Utah State,Mt. West,Matt Wells,900000,900000,765000,65000,"$2,122,917 ",113t,1,11,0,12,0.08333,100,Utah State,Merlin Olsen Field at Maverik Stadium,Logan,UT,Mountain West,25513,33119,1968,1980,AstroTurf GameDay Grass 3D60 Extreme,25.513,100,Utah State,1,Mountain West Conference,0,52,83,91,55,62,65,100,Utah State,1999,Western Athletic Conference,Football,UT,55,42,100,Utah State,Mt. West,34398296,34213406,18911117,54.98,85,100,Utah State
170,Vanderbilt,SEC,Derek Mason,2812523,2812523,--,--,--,81t,4,8,0,12,0.33333,100,Vanderbilt,Vanderbilt Stadium,Nashville,TN,SEC,40350,41448,1922,2012,Shaw Sports Legion 46,40.35,100,Vanderbilt,1,Southeastern Conference,1,50,96,93,70,71,65,100,Vanderbilt,1999,Southeastern Conference,Football,TN,92,86,100,Vanderbilt,,,,,,,,
171,Virginia,ACC,Bronco Mendenhall,3550000,3550000,2165000,75000,"$18,193,750 ",72t,5,7,0,12,0.41667,100,Virginia,Carl Smith Center Home of David A. Harrison III Field at Scott Stadium,Charlottesville,VA,ACC,61500,64947,1931,2000,Grass,61.5,100,Virginia,1,Atlantic Coast Conference,0,111,85,78,117,74,66,100,Virginia,1999,Atlantic Coast Conference,Football,VA,63,60,100,Virginia,ACC,92865175,100324517,13942471,15.01,39,100,Virginia
172,Virginia Tech,ACC,Justin Fuente,4000000,4000000,435000,75000,"$15,000,000 ",17t,10,3,0,13,0.76923,100,Virginia Tech,Lane Stadium/Worsham Field,Blacksburg,VA,ACC,66233,66233,1965,2005,Grass,66.233,100,Virginia Tech,,,,,,,,,,,,,,,,,,,,ACC,87427526,90716423,8888537,10.17,44,100,Virginia Tech
173,Wake Forest,ACC,Dave Clawson,1831580,1831580,--,--,--,14t,11,3,0,14,0.78571,100,Wake Forest,BB&T Field,Winston-Salem,NC,ACC,31500,37623,1968,2007,FieldTurf,31.5,100,Wake Forest,1,Atlantic Coast Conference,1,61,97,95,74,80,83,100,Wake Forest,1999,Atlantic Coast Conference,Football,NC,93,86,100,Wake Forest,,,,,,,,
174,Washington,Pac-12,Chris Petersen,4375000,4377500,1050000,300000,"$26,354,166 ",72t,5,7,0,12,0.41667,100,Washington,Alaska Airlines Field at Husky Stadium,Seattle,WA,Pac-12,70500,76125,1920,2013,FieldTurf,70.5,100,Washington,1,Pac-12 Conference,0,83,82,71,93,71,59,100,Washington,1999,Pac-12 Conference,Football,WA,66,59,100,Washington,Pac-12,128745183,123503513,3742614,2.91,20,100,Washington
175,Washington State,Pac-12,Mike Leach,3500000,3500000,725000,75000,"$4,900,000 ",60t,6,6,0,12,0.5,100,Washington State,Martin Stadium,Pullman,WA,Pac-12,32248,40306,1972,2000,FieldTurf,32.248,100,Washington State,1,Pac-12 Conference,0,76,74,65,77,61,56,100,Washington State,1999,Pac-12 Conference,Football,WA,57,62,100,Washington State,Pac-12,64294520,71801820,5263059,8.19,53,100,Washington State
176,West Virginia,Big 12,Dana Holgorsen,3605000,3617500,1000000,90000,"$7,150,000 ",6t,11,2,0,13,0.84615,100,West Virginia,Mountaineer Field at Milan Puskar Stadium,Morgantown,WV,Big 12,60000,70222,1980,2004,FieldTurf,60,100,West Virginia,1,Big 12 Conference,0,68,78,74,72,61,55,100,West Virginia,1999,American Athletic Conference,Football,WV,63,52,100,West Virginia,Big 12,110565870,89196193,4167480,3.77,27,100,West Virginia
177,Western Kentucky,C-USA,Mike Sanford Jr.,800000,805850,400000,0,"$1,200,000 ",,,,,,,,,Houchens Industries–L. T. Smith Stadium at Jimmy Feix Field,Bowling Green,KY,C-USA,22113,23252,1968,2008,FieldTurf,22.113,100,Western Kentucky,1,Ohio Valley Conference,0,60,83,73,56,57,55,88,Western Kentucky,1999,Ohio Valley Conference,Football,KY,56,48,88,Western Kentucky,Ohio Valley,17024583,17024584,13105268,76.98,157,88,Western Kentucky
178,Western Kentucky,C-USA,Mike Sanford Jr.,800000,805850,400000,0,"$1,200,000 ",,,,,,,,,Houchens Industries–L. T. Smith Stadium at Jimmy Feix Field,Bowling Green,KY,C-USA,22113,23252,1968,2008,FieldTurf,22.113,100,Western Kentucky,1,Ohio Valley Conference,0,60,83,73,56,57,55,88,Western Kentucky,1999,Ohio Valley Conference,Football,KY,56,48,88,Western Kentucky,C-USA,30439066,30439067,16853917,55.37,100,100,Western Kentucky
179,Western Kentucky,C-USA,Mike Sanford Jr.,800000,805850,400000,0,"$1,200,000 ",,,,,,,,,Houchens Industries–L. T. Smith Stadium at Jimmy Feix Field,Bowling Green,KY,C-USA,22113,23252,1968,2008,FieldTurf,22.113,100,Western Kentucky,1,Ohio Valley Conference,0,60,83,73,56,57,55,88,Western Kentucky,1999,Missouri Valley Football Conference,Football,KY,63,42,100,Western Kentucky,Ohio Valley,17024583,17024584,13105268,76.98,157,88,Western Kentucky
180,Western Kentucky,C-USA,Mike Sanford Jr.,800000,805850,400000,0,"$1,200,000 ",,,,,,,,,Houchens Industries–L. T. Smith Stadium at Jimmy Feix Field,Bowling Green,KY,C-USA,22113,23252,1968,2008,FieldTurf,22.113,100,Western Kentucky,1,Ohio Valley Conference,0,60,83,73,56,57,55,88,Western Kentucky,1999,Missouri Valley Football Conference,Football,KY,63,42,100,Western Kentucky,C-USA,30439066,30439067,16853917,55.37,100,100,Western Kentucky
181,Western Kentucky,C-USA,Mike Sanford Jr.,800000,805850,400000,0,"$1,200,000 ",,,,,,,,,Houchens Industries–L. T. Smith Stadium at Jimmy Feix Field,Bowling Green,KY,C-USA,22113,23252,1968,2008,FieldTurf,22.113,100,Western Kentucky,1,Conference USA,0,60,85,68,68,65,50,100,Western Kentucky,1999,Ohio Valley Conference,Football,KY,56,48,88,Western Kentucky,Ohio Valley,17024583,17024584,13105268,76.98,157,88,Western Kentucky
182,Western Kentucky,C-USA,Mike Sanford Jr.,800000,805850,400000,0,"$1,200,000 ",,,,,,,,,Houchens Industries–L. T. Smith Stadium at Jimmy Feix Field,Bowling Green,KY,C-USA,22113,23252,1968,2008,FieldTurf,22.113,100,Western Kentucky,1,Conference USA,0,60,85,68,68,65,50,100,Western Kentucky,1999,Ohio Valley Conference,Football,KY,56,48,88,Western Kentucky,C-USA,30439066,30439067,16853917,55.37,100,100,Western Kentucky
183,Western Kentucky,C-USA,Mike Sanford Jr.,800000,805850,400000,0,"$1,200,000 ",,,,,,,,,Houchens Industries–L. T. Smith Stadium at Jimmy Feix Field,Bowling Green,KY,C-USA,22113,23252,1968,2008,FieldTurf,22.113,100,Western Kentucky,1,Conference USA,0,60,85,68,68,65,50,100,Western Kentucky,1999,Missouri Valley Football Conference,Football,KY,63,42,100,Western Kentucky,Ohio Valley,17024583,17024584,13105268,76.98,157,88,Western Kentucky
184,Western Kentucky,C-USA,Mike Sanford Jr.,800000,805850,400000,0,"$1,200,000 ",,,,,,,,,Houchens Industries–L. T. Smith Stadium at Jimmy Feix Field,Bowling Green,KY,C-USA,22113,23252,1968,2008,FieldTurf,22.113,100,Western Kentucky,1,Conference USA,0,60,85,68,68,65,50,100,Western Kentucky,1999,Missouri Valley Football Conference,Football,KY,63,42,100,Western Kentucky,C-USA,30439066,30439067,16853917,55.37,100,100,Western Kentucky
185,Western Michigan,MAC,Tim Lester,800000,800000,346500,39250,"$800,000 ",38t,8,5,0,13,0.61538,100,Western Michigan,Waldo Stadium,Kalamazoo,MI,MAC,30200,36361,1939,2003,FieldTurf,30.2,100,Western Michigan,1,Mid-American Conference,0,64,84,79,68,74,67,100,Western Michigan,1999,Mid-American Conference,Football,MI,70,69,100,Western Michigan,MAC,38516531,38271134,24349702,63.22,74,100,Western Michigan
186,Wisconsin,Big Ten,Paul Chryst,3750000,3750000,--,290000,"$6,000,000 ",3t,12,1,0,13,0.92308,100,Wisconsin,Camp Randall Stadium,Madison,WI,Big Ten,80321,83184,1917,2005,FieldTurf,80.321,100,Wisconsin,,,,,,,,,,,,,,,,,,,,Big Ten,143420668,142930591,2843000,1.98,15,100,Wisconsin
187,Wyoming,Mt. West,Craig Bohl,1412000,1412000,450000,236000,"$8,016,667 ",60t,6,6,0,12,0.5,100,Wyoming,Jonah Field at War Memorial Stadium,Laramie,WY,Mountain West,29181,34745,1950,2010,FieldTurf,29.181,100,Wyoming,1,Mountain West Conference,0,66,65,50,61,54,39,100,Wyoming,1999,Mountain West Conference,Football,WY,73,42,100,Wyoming,Mt. West,40372222,38669544,18452045,45.7,72,100,Wyoming
